{
  "metro-runtime": "0.80.9",
  "@react-native/js-polyfills": "0.74.83",
  "@babel/runtime": "7.22.11",
  "react-native-gesture-handler": "2.16.2",
  "react": "18.2.0",
  "react-native": "0.74.1",
  "invariant": "2.2.4",
  "stacktrace-parser": "0.1.10",
  "promise": "8.3.0",
  "event-target-shim": "5.0.1",
  "base64-js": "1.5.1",
  "whatwg-fetch": "3.6.18",
  "abort-controller": "3.0.0",
  "nullthrows": "1.1.1",
  "scheduler": "0.24.0-canary-efb381bbf-20230505",
  "memoize-one": "5.2.1",
  "lodash": "4.17.21",
  "hoist-non-react-statics": "3.3.2",
  "react-is": "16.13.1",
  "react-native-vector-icons": "10.1.0",
  "prop-types": "15.8.1",
  "@sentry/react-native": "6.5.0",
  "@sentry-internal/browser-utils": "8.47.0",
  "tslib": "2.6.2",
  "react-redux": "8.1.2",
  "use-sync-external-store": "1.2.0",
  "react-native-toast-message": "2.2.1",
  "@react-navigation/native": "6.1.17",
  "nanoid": "3.3.7",
  "query-string": "7.1.3",
  "strict-uri-encode": "2.0.0",
  "decode-uri-component": "0.2.2",
  "split-on-first": "1.1.0",
  "filter-obj": "1.1.0",
  "escape-string-regexp": "4.0.0",
  "use-latest-callback": "0.1.9",
  "react-native-safe-area-context": "4.10.1",
  "redux": "4.2.1",
  "warn-once": "0.1.1",
  "color": "4.2.3",
  "color-string": "1.9.1",
  "color-name": "1.1.3",
  "simple-swizzle": "0.2.2",
  "react-native-screens": "3.31.1",
  "react-freeze": "1.0.3"
}